modelo,df,AIC,delta_AIC
mod_sev_sem_int,11,-801.9307532994262,0
mod_sev,17,-794.1839054275657,7.746847871860496
