tratamento,media,SE,df,ic_inf,ic_sup
controle,3235.026984279989,8.468242610497073,Inf,3218.429533751067,3251.624434808911
dose_baixa,3383.2128303299883,8.452983544485658,Inf,3366.645287020887,3399.7803736390897
dose_media,3547.584587582338,8.456439959490673,Inf,3531.010269824311,3564.158905340365
dose_alta,3676.00370501161,8.462842551251113,Inf,3659.4168384043246,3692.590571618895
